{"cameraMode":{"drawMode":0,"name":"Shaded","section":"Shading Mode"},"sceneLighting":false,"audioPlay":false,"sceneViewState":{"m_AlwaysRefresh":true,"showFog":false,"showSkybox":false,"showFlares":true,"showImageEffects":true,"showParticleSystems":true,"showVisualEffectGraphs":true,"m_FxEnabled":false},"in2DMode":false,"pivot":{"x":4.957797527313232,"y":1.1472089290618897,"z":-4.623569011688232},"rotation":{"x":-0.12525524199008943,"y":0.07640533894300461,"z":-0.004038774874061346,"w":-0.9893601536750794},"size":0.3268025517463684,"orthographic":false}