{"cameraMode":{"drawMode":0,"name":"Shaded","section":"Shading Mode"},"sceneLighting":true,"audioPlay":false,"sceneViewState":{"m_AlwaysRefresh":true,"showFog":false,"showSkybox":true,"showFlares":true,"showImageEffects":true,"showParticleSystems":true,"showVisualEffectGraphs":true,"m_FxEnabled":false},"in2DMode":false,"pivot":{"x":5.733166217803955,"y":3.055784225463867,"z":-5.975646495819092},"rotation":{"x":-0.005255439318716526,"y":-0.3001270592212677,"z":0.0014217483112588525,"w":-0.9540688395500183},"size":0.9829421043395996,"orthographic":false}