{"cameraMode":{"drawMode":0,"name":"Shaded","section":"Shading Mode"},"sceneLighting":true,"audioPlay":false,"sceneViewState":{"m_AlwaysRefresh":true,"showFog":false,"showSkybox":true,"showFlares":true,"showImageEffects":true,"showParticleSystems":true,"showVisualEffectGraphs":true,"m_FxEnabled":false},"in2DMode":false,"pivot":{"x":-8.38912296295166,"y":0.6846647262573242,"z":-9.907285690307618},"rotation":{"x":0.05707676708698273,"y":0.11807045340538025,"z":-0.006241895724087954,"w":0.9914689064025879},"size":0.8660283088684082,"orthographic":false}