{"cameraMode":{"drawMode":0,"name":"Shaded","section":"Shading Mode"},"sceneLighting":true,"audioPlay":false,"sceneViewState":{"m_AlwaysRefresh":true,"showFog":false,"showSkybox":true,"showFlares":true,"showImageEffects":true,"showParticleSystems":true,"showVisualEffectGraphs":true,"m_FxEnabled":false},"in2DMode":false,"pivot":{"x":15.361129760742188,"y":-1.2730164527893067,"z":33.33477020263672},"rotation":{"x":-0.032034095376729968,"y":-0.2508363425731659,"z":0.005717799533158541,"w":-0.9678134322166443},"size":21.321697235107423,"orthographic":false}