{"cameraMode":{"drawMode":0,"name":"Shaded","section":"Shading Mode"},"sceneLighting":true,"audioPlay":false,"sceneViewState":{"m_AlwaysRefresh":true,"showFog":false,"showSkybox":true,"showFlares":true,"showImageEffects":true,"showParticleSystems":true,"showVisualEffectGraphs":true,"m_FxEnabled":false},"in2DMode":false,"pivot":{"x":5.3860321044921879,"y":4.211727142333984,"z":-8.166361808776856},"rotation":{"x":0.019320376217365266,"y":0.6098933815956116,"z":-0.014965850859880448,"w":0.7921909689903259},"size":0.8832484483718872,"orthographic":false}