{"cameraMode":{"drawMode":0,"name":"Shaded","section":"Shading Mode"},"sceneLighting":true,"audioPlay":false,"sceneViewState":{"m_AlwaysRefresh":true,"showFog":false,"showSkybox":true,"showFlares":true,"showImageEffects":true,"showParticleSystems":true,"showVisualEffectGraphs":true,"m_FxEnabled":false},"in2DMode":false,"pivot":{"x":-7.114277362823486,"y":0.6434735059738159,"z":-0.7033618688583374},"rotation":{"x":0.44708994030952456,"y":0.35597527027130129,"z":-0.19528095424175263,"w":0.7975021600723267},"size":0.8660253882408142,"orthographic":false}